station_id,display_name,range,division,desk,telephone,is_dispatchable,username,password,email
1,IG's Command Room / Information,IG's Command Room,,Information,112854931,FALSE,st001,Police001!,st001@police.lk
2,Police Information Division / Room,Police Information Division,,Room,112854893,FALSE,st002,Police002!,st002@police.lk
3,Police Information Division / Duty Officer,Police Information Division,,Duty Officer,112854880,FALSE,st003,Police003!,st003@police.lk
4,Police Information Division / Command,Police Information Division,,Command,112823788,FALSE,st004,Police004!,st004@police.lk
5,Police Information Division / Room,Police Information Division,,Room,112854885,FALSE,st005,Police005!,st005@police.lk
6,Police Emergency Service,Police Emergency Service,,,119,FALSE,st006,Police006!,st006@police.lk
7,Emergency Information Service,Emergency Information Service,,,118,FALSE,st007,Police007!,st007@police.lk
8,Eastern Range South / Ampara / Emergency /Ops,Eastern Range South,Ampara,Emergency /Ops,632222321,TRUE,st008,Police008!,st008@police.lk
9,North Central Range / Anuradhapura / Range Ops Room,North Central Range,Anuradhapura,Range Ops Room,252222788,TRUE,st009,Police009!,st009@police.lk
10,North Central Range / Anuradhapura / Ops Room,North Central Range,Anuradhapura,Ops Room,252222124,FALSE,st010,Police010!,st010@police.lk
11,Uva Range / Badulla / Emergency /Ops,Uva Range,Badulla,Emergency /Ops,552222219,TRUE,st011,Police011!,st011@police.lk
12,Eastern Range South / Batticoloa / Emergency /Ops,Eastern Range South,Batticoloa,Emergency /Ops,652224404,TRUE,st012,Police012!,st012@police.lk
13,North Western Range / Chilaw / Ops Room,North Western Range,Chilaw,Ops Room,322220752,TRUE,st013,Police013!,st013@police.lk
14,Colombo / Colombo / Emergency,Colombo,Colombo,Emergency,112433333,TRUE,st014,Police014!,st014@police.lk
15,Colombo / Colombo / Emergency,Colombo,Colombo,Emergency,112422521,FALSE,st015,Police015!,st015@police.lk
16,Colombo / Colombo / Emergency,Colombo,Colombo,Emergency,112446736,FALSE,st016,Police016!,st016@police.lk
17,Southern Range / Elpitiya / Ops Room,Southern Range,Elpitiya,Ops Room,912291222,TRUE,st017,Police017!,st017@police.lk
18,Southern Range / Galle / Emergency,Southern Range,Galle,Emergency,912233333,TRUE,st018,Police018!,st018@police.lk
19,Southern Range / Galle / Ops Room,Southern Range,Galle,Ops Room,912222222,FALSE,st019,Police019!,st019@police.lk
20,Western Province- North Range / Gampaha / Ops Room,Western Province- North Range,Gampaha,Ops Room,332222223,TRUE,st020,Police020!,st020@police.lk
21,Western Province- North Range / Gampaha / Emergency,Western Province- North Range,Gampaha,Emergency,332222222,FALSE,st021,Police021!,st021@police.lk
22,Central Range West / Gampola / Ops Room,Central Range West,Gampola,Ops Room,812352854,TRUE,st022,Police022!,st022@police.lk
23,Central Range East / Hatton / Ops Room,Central Range East,Hatton,Ops Room,512223882,TRUE,st023,Police023!,st023@police.lk
24,Western Province South / Kalutara / Ops Room,Western Province South,Kalutara,Ops Room,342236409,TRUE,st024,Police024!,st024@police.lk
25,Western Province South / Kalutara / Emergency,Western Province South,Kalutara,Emergency,342222227,FALSE,st025,Police025!,st025@police.lk
26,Central Range / Kandy / Ops Room,Central Range,Kandy,Ops Room,812234337,TRUE,st026,Police026!,st026@police.lk
27,Central Range / Kandy / Emergency,Central Range,Kandy,Emergency,812233333,FALSE,st027,Police027!,st027@police.lk
28,Eastern Range / Kantale / Ops Room,Eastern Range,Kantale,Ops Room,262234222,TRUE,st028,Police028!,st028@police.lk
29,Eastern Range / Kantale / Emergency,Eastern Range,Kantale,Emergency,262234227,FALSE,st029,Police029!,st029@police.lk
30,Sabaragamuwa Range / Kegalle / Ops Room,Sabaragamuwa Range,Kegalle,Ops Room,352222674,TRUE,st030,Police030!,st030@police.lk
31,Sabaragamuwa Range / Kegalle / Emergency,Sabaragamuwa Range,Kegalle,Emergency,352222333,FALSE,st031,Police031!,st031@police.lk
32,Sabaragamuwa Range / Awissawella / Emergency,Sabaragamuwa Range,Awissawella,Emergency,362222226,TRUE,st032,Police032!,st032@police.lk
33,Western Province North / Kelaniya / Ops Room,Western Province North,Kelaniya,Ops Room,112909990,TRUE,st033,Police033!,st033@police.lk
34,Western Province North / Kelaniya / Emergency,Western Province North,Kelaniya,Emergency,112908888,FALSE,st034,Police034!,st034@police.lk
35,North Western Range / Kuliyapitiya / Ops Room,North Western Range,Kuliyapitiya,Ops Room,372281220,TRUE,st035,Police035!,st035@police.lk
36,North Western Range / Kurunegala / Ops Room,North Western Range,Kurunegala,Ops Room,372222229,TRUE,st036,Police036!,st036@police.lk
37,North Western Range / Kurunegala / Emergency,North Western Range,Kurunegala,Emergency,372223222,FALSE,st037,Police037!,st037@police.lk
38,Central Range West / Matale / Ops Room,Central Range West,Matale,Ops Room,662224753,TRUE,st038,Police038!,st038@police.lk
39,Central Range West / Matale / Emergency,Central Range West,Matale,Emergency,662222221,FALSE,st039,Police039!,st039@police.lk
40,Southern Range / Matara / Ops Room,Southern Range,Matara,Ops Room,412222213,TRUE,st040,Police040!,st040@police.lk
41,Southern Range / Matara / Emergency,Southern Range,Matara,Emergency,412222996,FALSE,st041,Police041!,st041@police.lk
42,Uva Range / Monaragala / Ops Room,Uva Range,Monaragala,Ops Room,552277316,TRUE,st042,Police042!,st042@police.lk
43,Western Province South / Mount Lavinia / Ops Room,Western Province South,Mount Lavinia,Ops Room,112732916,TRUE,st043,Police043!,st043@police.lk
44,Western Province South / Moratuwa / Emergency,Western Province South,Moratuwa,Emergency,112645222,TRUE,st044,Police044!,st044@police.lk
45,North Western Range / Nikaweratiya / Ops Room,North Western Range,Nikaweratiya,Ops Room,372260344,TRUE,st045,Police045!,st045@police.lk
46,Western Province South / Nugegoda / Ops Room,Western Province South,Nugegoda,Ops Room,112852566,TRUE,st046,Police046!,st046@police.lk
47,Western Province South / Nugegoda / Emergency,Western Province South,Nugegoda,Emergency,112856171,FALSE,st047,Police047!,st047@police.lk
48,Western Province South / Welikada / Emergency,Western Province South,Welikada,Emergency,115338844,TRUE,st048,Police048!,st048@police.lk
49,Central Range East / Nuwara Eliya / Ops Room,Central Range East,Nuwara Eliya,Ops Room,522222398,TRUE,st049,Police049!,st049@police.lk
50,Central Range East / Nuwara Eliya / Emergency,Central Range East,Nuwara Eliya,Emergency,522222225,FALSE,st050,Police050!,st050@police.lk
51,Western Province South / Panadura / Ops Room,Western Province South,Panadura,Ops Room,382233228,TRUE,st051,Police051!,st051@police.lk
52,North Central Range / Polonnaruwa / Ops Room,North Central Range,Polonnaruwa,Ops Room,272222159,TRUE,st052,Police052!,st052@police.lk
53,Sabaragamuwa Range / Rathnapura / Ops Room,Sabaragamuwa Range,Rathnapura,Ops Room,452232222,TRUE,st053,Police053!,st053@police.lk
54,Southern Range / Tangalle / Ops Room,Southern Range,Tangalle,Ops Room,472241013,TRUE,st054,Police054!,st054@police.lk
55,Southern Range / Tangalle / Emergency,Southern Range,Tangalle,Emergency,472240229,FALSE,st055,Police055!,st055@police.lk
56,Eastern Range North / Trincomalee / Ops Room,Eastern Range North,Trincomalee,Ops Room,262222030,TRUE,st056,Police056!,st056@police.lk
57,Eastern Range North / Trincomalee / Emergency,Eastern Range North,Trincomalee,Emergency,262222222,FALSE,st057,Police057!,st057@police.lk
58,Wanni Range / Vavuniya / Ops Room,Wanni Range,Vavuniya,Ops Room,242222223,TRUE,st058,Police058!,st058@police.lk
59,Wanni Range / Vavuniya / Emergency,Wanni Range,Vavuniya,Emergency,242222224,FALSE,st059,Police059!,st059@police.lk
60,"Colombo – Main Tourist Police Division / 80, Galle Road, Colombo 03 / Tourist Police",Colombo – Main Tourist Police Division,"80, Galle Road, Colombo 03",Tourist Police,112421052,TRUE,st060,Police060!,st060@police.lk
61,"Anuradhapura / Lion’s Post Junction, Sri Maha Bodhi Mawatha, Anuradhapura (in Hotel School Premises) / Tourist Police",Anuradhapura,"Lion’s Post Junction, Sri Maha Bodhi Mawatha, Anuradhapura (in Hotel School Premises)",Tourist Police,113133686,TRUE,st061,Police061!,st061@police.lk
62,"Polonnaruwa / Police Station, Polonnaruwa / Tourist Police",Polonnaruwa,"Police Station, Polonnaruwa",Tourist Police,272223099,FALSE,st062,Police062!,st062@police.lk
63,Mount Lavinia / – / Tourist Police,Mount Lavinia,–,Tourist Police,112738351,FALSE,st063,Police063!,st063@police.lk
64,Sigiriya / – / Tourist Police,Sigiriya,–,Tourist Police,664930327,TRUE,st064,Police064!,st064@police.lk
65,"Matale/Dambulla / New Bus Stand, Dambulla / Tourist Police",Matale/Dambulla,"New Bus Stand, Dambulla",Tourist Police,665677966,TRUE,st065,Police065!,st065@police.lk
66,"Kandy / Police Station, Kandy / Tourist Police",Kandy,"Police Station, Kandy",Tourist Police,812222222,FALSE,st066,Police066!,st066@police.lk
67,"Nuwara Eliya / Central Bus Stand, Nuwara Eliya / Tourist Police",Nuwara Eliya,"Central Bus Stand, Nuwara Eliya",Tourist Police,522222222,FALSE,st067,Police067!,st067@police.lk
68,"Kalutara/Moragalla / Galle Road, Moragalla, Beruwala / Tourist Police",Kalutara/Moragalla,"Galle Road, Moragalla, Beruwala",Tourist Police,342276049,TRUE,st068,Police068!,st068@police.lk
69,"Galle / Narigama, Hikkaduwa / Tourist Police",Galle,"Narigama, Hikkaduwa",Tourist Police,912275554,TRUE,st069,Police069!,st069@police.lk
70,"Ampara/Arugambay / Panama Road, Arugam Bay, Pothuvil / Tourist Police",Ampara/Arugambay,"Panama Road, Arugam Bay, Pothuvil",Tourist Police,113081044,TRUE,st070,Police070!,st070@police.lk
71,"Negombo/Eththukala / Poruthota Road, Eththukala, Kochchikade / Tourist Police",Negombo/Eththukala,"Poruthota Road, Eththukala, Kochchikade",Tourist Police,312275555,TRUE,st071,Police071!,st071@police.lk
72,Kalkudah / Pasikudah / – / Tourist Police,Kalkudah / Pasikudah,–,Tourist Police,652257707,TRUE,st072,Police072!,st072@police.lk
73,Rambukkana/Pinnawala / – / Tourist Police,Rambukkana/Pinnawala,–,Tourist Police,767195607,TRUE,st073,Police073!,st073@police.lk
