site_id,site_name,district,province,latitude,longitude,category,annual_visitors_2024,capacity_per_day,entrance_fee_lkr,is_unesco,is_eco_friendly,data_source
1,Sigiriya Rock Fortress,Matale,Central,7.957,80.7603,Heritage,600000,2500,3500,1,0,verified
2,Galle Fort,Galle,Southern,6.0328,80.2168,Heritage,500000,4000,0,1,0,verified
3,Temple of the Tooth Kandy,Kandy,Central,7.2936,80.6413,Religious,700000,6000,0,0,0,verified
4,Yala National Park,Hambantota,Southern,6.3728,81.5216,Nature,350000,1200,3000,0,1,verified
5,Mirissa Beach,Matara,Southern,5.9483,80.4716,Beach,250000,5000,0,0,1,verified
6,Anuradhapura Sacred City,Anuradhapura,North Central,8.3114,80.4037,Heritage,400000,4000,500,1,0,verified
7,Ella Rock,Badulla,Uva,6.8667,81.0466,Nature,200000,2000,0,0,1,verified
8,Nuwara Eliya,Nuwara Eliya,Central,6.9497,80.7891,Nature,300000,6000,0,0,1,verified
9,Dambulla Cave Temple,Matale,Central,7.8568,80.6487,Religious,400000,4000,1500,1,0,verified
10,Horton Plains National Park,Nuwara Eliya,Central,6.8016,80.8044,Nature,180000,1000,1500,0,1,verified
11,Polonnaruwa Ancient City,Polonnaruwa,North Central,7.9403,81.0188,Heritage,300000,3000,1000,1,0,verified
12,Arugam Bay,Ampara,Eastern,6.8397,81.831,Beach,150000,4000,0,0,1,verified
13,Pinnawala Elephant Orphanage,Kegalle,Sabaragamuwa,7.3006,80.3498,Nature,400000,3000,2000,0,1,verified
14,Minneriya National Park,Polonnaruwa,North Central,8.0424,80.899,Nature,160000,800,2500,0,1,verified
15,Adams Peak Sri Pada,Ratnapura,Sabaragamuwa,6.8096,80.4994,Religious,250000,3000,0,0,1,verified
16,Udawalawe National Park,Ratnapura,Sabaragamuwa,6.4741,80.8997,Nature,200000,900,2000,0,1,verified
17,Trincomalee,Trincomalee,Eastern,8.5922,81.2152,Beach,180000,5000,0,0,1,verified
18,Bentota Beach,Galle,Southern,6.4239,79.9958,Beach,220000,6000,0,0,1,verified
19,Ritigala Forest Monastery,Anuradhapura,North Central,8.2069,80.6839,Heritage,40000,500,500,0,1,verified
20,Wilpattu National Park,Puttalam,North Western,8.4557,80.0148,Nature,120000,600,2000,0,1,verified
21,Colombo National Museum,Colombo,Western,6.902,79.8612,Heritage,200000,3000,1000,0,0,verified
22,Gangaramaya Temple,Colombo,Western,6.9165,79.8559,Religious,300000,5000,0,0,0,verified
23,Hikkaduwa Beach,Galle,Southern,6.1395,80.1063,Beach,280000,6000,0,0,1,verified
24,Ambuluwawa Tower,Kandy,Central,7.2522,80.5849,Nature,100000,2000,500,0,1,verified
25,Knuckles Mountain Range,Kandy,Central,7.4167,80.7833,Nature,90000,1000,1000,0,1,verified
26,Bundala National Park,Hambantota,Southern,6.1833,81.1833,Nature,80000,600,1500,0,1,verified
27,Kalpitiya Beach,Puttalam,North Western,8.2333,79.7667,Beach,100000,3000,0,0,1,verified
28,Nalanda Gedige,Matale,Central,7.65,80.7,Heritage,50000,500,300,0,0,verified
29,Mulgirigala Rock Temple,Hambantota,Southern,6.0833,80.7833,Religious,70000,1000,300,0,0,verified
30,Pidurangala Rock,Matale,Central,7.9667,80.75,Nature,130000,2000,500,0,1,verified
31,Kandy Lake,Kandy,Central,7.2906,80.6337,Nature,150000,5000,0,0,0,verified
32,Peradeniya Botanical Gardens,Kandy,Central,7.2686,80.5966,Nature,280000,4000,500,0,1,verified
33,Colombo Lotus Tower,Colombo,Western,6.9271,79.8612,Heritage,120000,3000,1000,0,0,verified
34,Batticaloa Lagoon,Batticaloa,Eastern,7.7102,81.6924,Nature,80000,3000,0,0,1,verified
35,Jaffna Fort,Jaffna,Northern,9.6615,80.0255,Heritage,90000,2000,300,0,0,verified
36,Mannar Fort,Mannar,Northern,8.9778,79.9005,Heritage,40000,1000,200,0,0,verified
37,Knuckles Forest Reserve,Matale,Central,7.45,80.8,Nature,70000,800,1000,0,1,verified
38,Sinharaja Forest Reserve,Ratnapura,Sabaragamuwa,6.3833,80.4667,Nature,85000,600,1500,0,1,verified
39,Pigeon Island,Trincomalee,Eastern,8.7167,81.2167,Beach,95000,500,2000,0,1,verified
40,Pasikuda Beach,Ampara,Eastern,7.9333,81.55,Beach,110000,4000,0,0,1,verified
41,Arugam Bay Surf Point,Ampara,Eastern,6.8397,81.8417,Beach,130000,3000,0,0,1,verified
42,Nainativu Island,Jaffna,Northern,9.5167,79.9833,Religious,60000,1000,0,0,0,verified
43,Mullaitivu Beach,Mullaitivu,Northern,9.2667,80.8167,Beach,45000,3000,0,0,1,verified
44,Uda Walawe Reservoir,Ratnapura,Sabaragamuwa,6.45,80.9,Nature,75000,2000,0,0,1,verified
45,Kataragama,Moneragala,Uva,6.4133,81.3333,Religious,350000,5000,0,0,0,verified
46,Tangalle Beach,Hambantota,Southern,6.0239,80.7981,Beach,160000,5000,0,0,1,verified
47,Weligama Beach,Matara,Southern,5.9744,80.4289,Beach,140000,5000,0,0,1,verified
48,Unawatuna Beach,Galle,Southern,6.0106,80.2494,Beach,200000,6000,0,0,1,verified
49,Kande Viharaya,Galle,Southern,6.2333,80.05,Religious,180000,3000,0,0,0,verified
50,Nawagamuwa Lake,Colombo,Western,6.85,80.1,Nature,55000,2000,0,0,1,verified
51,Nine Arch Bridge,Badulla,Uva,6.8794,81.0465,Heritage,200000,3000,0,0,1,estimated
52,Diyaluma Falls,Badulla,Uva,6.7333,81.0333,Nature,100000,1500,0,0,1,estimated
53,Ravana Falls,Badulla,Uva,6.8286,81.0517,Nature,150000,2000,0,0,1,estimated
54,Dunhinda Falls,Badulla,Uva,6.9958,81.0578,Nature,80000,1000,50,0,1,estimated
55,Lipton's Seat,Badulla,Uva,6.7833,80.9667,Nature,60000,800,0,0,1,estimated
56,Mihintale,Anuradhapura,North Central,8.3606,80.5133,Religious,300000,2500,500,0,0,estimated
57,Isurumuniya Temple,Anuradhapura,North Central,8.3325,80.3967,Religious,150000,1500,300,0,0,estimated
58,Ruwanwelisaya,Anuradhapura,North Central,8.3489,80.3969,Religious,400000,3000,0,1,0,estimated
59,Lake Gregory,Nuwara Eliya,Central,6.9497,80.7622,Nature,300000,4000,0,0,1,estimated
60,Ramboda Falls,Nuwara Eliya,Central,7.0833,80.6667,Nature,100000,1000,0,0,1,estimated
61,Bahirawakanda Buddha Statue,Kandy,Central,7.2944,80.6217,Religious,200000,2000,300,0,0,estimated
62,Udawattakele Forest Reserve,Kandy,Central,7.3,80.6417,Nature,80000,1000,660,0,1,estimated
63,Kirinda Beach,Hambantota,Southern,6.2333,81.3167,Beach,50000,1500,0,0,1,estimated
64,Hummanaya Blow Hole,Hambantota,Southern,6.1897,81.0367,Nature,40000,800,100,0,1,estimated
65,Polhena Beach,Matara,Southern,5.9333,80.5333,Beach,80000,2000,0,0,1,estimated
66,Dondra Head Lighthouse,Matara,Southern,5.9222,80.59,Heritage,30000,500,300,0,0,estimated
67,Gal Vihara,Polonnaruwa,North Central,7.9394,81.0033,Heritage,200000,2000,0,1,0,estimated
68,Lahugala Kitulana National Park,Ampara,Eastern,6.8667,81.6167,Nature,20000,500,1500,0,1,estimated
69,Bopath Ella Falls,Ratnapura,Sabaragamuwa,6.6167,80.3167,Nature,100000,1500,200,0,1,estimated
70,Nilaveli Beach,Trincomalee,Eastern,8.7167,81.1833,Beach,150000,3000,0,0,1,estimated
71,Koneswaram Temple,Trincomalee,Eastern,8.5833,81.2333,Religious,200000,2500,0,0,0,estimated
72,Galle Face Green,Colombo,Western,6.9228,79.8442,Nature,1000000,8000,0,0,1,estimated
73,Viharamahadevi Park,Colombo,Western,6.9169,79.8611,Nature,300000,3000,0,0,1,estimated
74,Nallur Kandaswamy Temple,Jaffna,Northern,9.6708,80.0256,Religious,150000,2000,0,0,0,estimated
75,Casuarina Beach,Jaffna,Northern,9.8167,79.95,Beach,60000,1500,0,0,1,estimated
76,Nagadeepa Purana Vihara,Jaffna,Northern,9.5833,79.7833,Religious,80000,1000,0,0,0,estimated
77,Koggala Lake,Galle,Southern,6.0333,80.3167,Nature,50000,1000,0,0,1,estimated
78,Rumassala,Galle,Southern,6.0333,80.2333,Nature,40000,800,0,0,1,estimated
79,Anawilundawa Wetland Sanctuary,Puttalam,North Western,7.9167,79.7833,Nature,15000,500,1000,0,1,estimated
80,Maduru Oya National Park,Moneragala,Uva,7.5333,81.4167,Nature,15000,400,2500,0,1,estimated
81,Gal Oya National Park,Ampara,Eastern,7.21667,81.36667,Nature,13990,100,200,0,1,llm_researched_verified
82,Meemure,Kandy,Central,7.4415244,80.8442148,Nature,82000,500,200,0,0,llm_researched_verified
83,Maduwanwela Walawwa,Ratnapura,Sabaragamuwa,6.3891994,80.7037015,Heritage,74000,600,300,0,0,llm_researched_verified
84,Wolvendaal Church,Colombo,Western,6.9420432,79.8590271,Religious,107000,900,0,0,0,llm_researched_verified
85,Henarathgoda Botanical Garden,Gampaha,Western,7.0990332,79.9858291,Nature,165000,1050,200,0,1,llm_researched_verified
86,Yapahuwa Rock Fortress,Kurunegala,North Western,7.816784,80.310746,Heritage,74000,600,300,0,0,llm_researched_verified
87,Rajagala,Ampara,Eastern,7.4890231,81.6212169,Heritage,82000,500,300,0,0,llm_researched_verified
88,Dehiwala Zoo,Colombo,Western,6.8571738,79.8742032,Nature,132000,850,200,0,1,llm_researched_verified
89,Aukana,Anuradhapura,North Central,8.00954,80.5138441,Heritage,82000,500,300,0,0,llm_researched_verified
90,Asupini Ella,Badulla,Uva,7.1177798,80.485795,Nature,58000,350,200,0,1,llm_researched_verified
91,Dolukanda rajamaha viharaya,Kurunegala,North Western,7.6118311,80.4016786,Religious,197,50,0,0,0,llm_researched_verified
92,Kelaniya Raja Maha Viharaya,Gampaha,Western,6.9515273,79.918674,Religious,107000,900,0,0,0,llm_researched_verified
93,Buduruwagala Temple,Monaragala,Uva,6.6848766,81.0793976,Religious,39730,350,0,0,0,llm_researched_verified
94,Abhayagiri Monastery,Anuradhapura,North Central,8.371,80.3952,Heritage,19236,150,300,0,0,llm_researched_verified
95,Jetavanaramaya,Anuradhapura,North Central,8.351,80.4022,Heritage,85847,550,300,0,0,llm_researched_verified
96,Kanneliya Rainforest,Galle,Southern,6.2510037,80.3379577,Nature,43543,250,200,0,1,llm_researched_verified
97,Hikkaduwa National Park,Galle,Southern,6.145,80.0925,Nature,37913,250,200,0,1,llm_researched_verified
