site_name,crowd_level
Sigiriya Rock Fortress,35
Galle Fort,32
Temple of the Tooth Kandy,32
Yala National Park,62
Mirissa Beach,37
Anuradhapura Sacred City,25
Ella Rock,83
Nuwara Eliya,61
Dambulla Cave Temple,96
Horton Plains National Park,86
Polonnaruwa Ancient City,90
Arugam Bay,1
Pinnawala Elephant Orphanage,45
Minneriya National Park,60
Adams Peak Sri Pada,35
Udawalawe National Park,65
Trincomalee,30
Bentota Beach,60
Ritigala Forest Monastery,85
Wilpattu National Park,66
Colombo National Museum,99
Gangaramaya Temple,68
Hikkaduwa Beach,97
Ambuluwawa Tower,89
Knuckles Mountain Range,71
Bundala National Park,32
Kalpitiya Beach,100
Nalanda Gedige,96
Mulgirigala Rock Temple,76
Pidurangala Rock,79
